Div,Date,Time,HomeTeam,AwayTeam,Round
I2,09/10/2026,20:30,Avellino,Sampdoria,
I2,10/10/2026,15:00,Benevento,Cesena,
I2,10/10/2026,15:00,Empoli,Palermo,
I2,10/10/2026,15:00,Sudtirol,Ascoli,
I2,10/10/2026,15:00,Virtus Entella,Juve Stabia,
I2,10/10/2026,17:15,Vicenza,Pisa,
I2,10/10/2026,19:30,Arezzo,Cremonese,
I2,11/10/2026,15:00,Catanzaro,Mantova,
I2,11/10/2026,17:15,Padova,Carrarese,
I2,11/10/2026,19:30,Modena,Verona,
I2,16/10/2026,20:30,Verona,Catanzaro,
I2,17/10/2026,15:00,Ascoli,Empoli,
I2,17/10/2026,15:00,Benevento,Vicenza,
I2,17/10/2026,15:00,Carrarese,Modena,
I2,17/10/2026,15:00,Padova,Virtus Entella,
I2,17/10/2026,17:15,Mantova,Palermo,
I2,17/10/2026,19:30,Pisa,Cremonese,
SC0,10/10/2026,16:00,Dundee United,Hibernian,
SC0,10/10/2026,16:00,Falkirk,Dundee,
SC0,10/10/2026,16:00,Hearts,St Mirren,
SC0,10/10/2026,16:00,Rangers,Kilmarnock,
SC0,11/10/2026,13:00,Motherwell,Celtic,
SC0,11/10/2026,15:00,Aberdeen,St Johnstone,
SC0,17/10/2026,16:00,Aberdeen,St Mirren,
SC0,17/10/2026,16:00,Hibernian,Falkirk,
SC0,17/10/2026,16:00,Kilmarnock,Motherwell,
SC0,17/10/2026,16:00,St Johnstone,Dundee United,
SC0,17/10/2026,21:00,Dundee,Rangers,
SC1,10/10/2026,16:00,Arbroath,Morton,
SC1,10/10/2026,16:00,Ayr,Dunfermline,
SC1,10/10/2026,16:00,Inverness C,Stenhousemuir,
SC1,10/10/2026,16:00,Livingston,Partick,
SC1,10/10/2026,16:00,Raith Rvs,Queens Park,
SC1,13/10/2026,20:45,Queens Park,Inverness C,
SC1,16/10/2026,20:30,Ayr,Partick,
SC1,17/10/2026,16:00,Dunfermline,Livingston,
SC1,17/10/2026,16:00,Morton,Queens Park,
SC1,17/10/2026,16:00,Inverness C,Arbroath,
SC1,17/10/2026,16:00,Stenhousemuir,Raith Rvs,
D2,09/10/2026,18:30,Heidenheim,Kaiserslautern,
D2,09/10/2026,18:30,Braunschweig,Holstein Kiel,
D2,10/10/2026,13:00,Magdeburg,Hannover,
D2,10/10/2026,13:00,Darmstadt,Cottbus,
D2,10/10/2026,13:00,Osnabruck,Dresden,
D2,10/10/2026,20:30,Nurnberg,Wolfsburg,
D2,11/10/2026,13:30,Hertha,Greuther Furth,
D2,11/10/2026,13:30,St Pauli,Karlsruhe,
D2,11/10/2026,13:30,Bochum,Bielefeld,
D2,16/10/2026,18:30,Cottbus,Nurnberg,
D2,16/10/2026,18:30,Holstein Kiel,Hertha,
D2,17/10/2026,13:00,Kaiserslautern,Bochum,
D2,17/10/2026,13:00,Greuther Furth,Braunschweig,
D2,17/10/2026,13:00,Wolfsburg,Heidenheim,
D2,17/10/2026,20:30,Hannover,St Pauli,
F2,09/10/2026,20:00,Nancy,Guingamp,
F2,09/10/2026,20:00,Dunkerque,Annecy,
F2,09/10/2026,20:00,Montpellier,Grenoble,
F2,09/10/2026,20:00,Pau FC,Laval,
F2,09/10/2026,20:00,Sochaux,Boulogne,
F2,10/10/2026,14:00,Clermont,Red Star,
F2,10/10/2026,14:00,Nantes,Reims,
F2,10/10/2026,20:00,St Etienne,Rodez,
F2,12/10/2026,20:45,Dijon,Metz,
F2,16/10/2026,20:00,Annecy,Nancy,
F2,16/10/2026,20:00,Grenoble,Boulogne,
F2,16/10/2026,20:00,Guingamp,Pau FC,
F2,16/10/2026,20:00,Reims,Dijon,
F2,16/10/2026,20:00,Laval,Clermont,
F2,17/10/2026,14:00,Metz,Sochaux,
F2,17/10/2026,14:00,Nantes,Dunkerque,
F2,17/10/2026,20:00,Red Star,St Etienne,
SP2,04/10/2026,14:00,Sociedad B,Granada,
SP2,04/10/2026,16:15,Sp Gijon,Celta B,
SP2,04/10/2026,18:30,Castellon,Ceuta,
SP2,04/10/2026,18:30,Las Palmas,Valladolid,
SP2,04/10/2026,21:00,Girona,Mallorca,
SP2,05/10/2026,20:30,Cordoba,Tenerife,
SP2,10/10/2026,16:15,Ceuta,Sabadell,
SP2,10/10/2026,18:30,Eldense,Cordoba,
SP2,10/10/2026,21:00,Celta B,Sociedad B,
SP2,11/10/2026,14:00,Andorra,Castellon,
SP2,11/10/2026,16:15,Almeria,Leganes,
SP2,11/10/2026,18:30,Mallorca,Las Palmas,
SP2,11/10/2026,21:00,Cadiz,Sp Gijon,
SP2,12/10/2026,14:00,Valladolid,Albacete,
SP2,12/10/2026,16:15,Burgos,Granada,
SP2,12/10/2026,18:30,Oviedo,Eibar,
SP2,12/10/2026,21:00,Tenerife,Girona,
SP2,16/10/2026,20:30,Leganes,Cordoba,
SP2,17/10/2026,14:00,Sociedad B,Almeria,
SP2,17/10/2026,16:15,Eibar,Mallorca,
SP2,17/10/2026,18:30,Sp Gijon,Albacete,
SP2,17/10/2026,21:00,Las Palmas,Castellon,
B1,09/10/2026,20:45,Beveren,Lommel SK,
B1,10/10/2026,16:00,Cercle Brugge,Anderlecht,
B1,10/10/2026,18:15,RAAL La Louviere,Club Brugge,
B1,10/10/2026,20:45,Genk,Kortrijk,
B1,10/10/2026,20:45,Waregem,Gent,
B1,11/10/2026,13:30,Standard,Charleroi,
B1,11/10/2026,16:00,St. Gilloise,Oud-Heverlee Leuven,
B1,11/10/2026,18:30,Westerlo,Antwerp,
B1,11/10/2026,19:15,Mechelen,St Truiden,
G1,10/10/2026,18:30,AEK,OFI Crete,
G1,10/10/2026,18:30,Asteras Tripolis,Atromitos,
G1,11/10/2026,16:00,Iraklis,Levadeiakos,
G1,11/10/2026,16:00,Kifisia,Panetolikos,
G1,11/10/2026,18:00,Aris,Volos NFC,
G1,11/10/2026,20:00,Olympiakos,Panathinaikos,
G1,12/10/2026,17:00,PAOK,Kalamata,
G1,17/10/2026,16:00,Levadeiakos,Volos NFC,
G1,17/10/2026,18:30,Atromitos,AEK,
EC,09/10/2026,20:45,Sutton,Boreham Wood,
EC,10/10/2026,13:30,Altrincham,Aldershot,
EC,10/10/2026,13:30,Carlisle,Kidderminster,
EC,10/10/2026,16:00,Fylde,Scunthorpe,
EC,10/10/2026,16:00,Hornchurch,Eastleigh,
EC,10/10/2026,16:00,Boston Utd,Southend,
EC,10/10/2026,16:00,Halifax,Gateshead,
EC,10/10/2026,16:00,Tamworth,Barrow,
EC,10/10/2026,16:00,Wealdstone,Yeovil,
EC,10/10/2026,16:00,Woking,Harrogate,
EC,10/10/2026,16:00,Worthing,Solihull,
EC,10/10/2026,18:30,Forest Green,Hartlepool,
ARG,04/10/2026,19:45,Huracan,Aldosivi,
ARG,04/10/2026,22:00,Talleres Cordoba,Belgrano,
ARG,05/10/2026,00:15,Argentinos Jrs,Tigre,
ARG,05/10/2026,02:30,Estudiantes Rio Cuarto,Racing Club,
ARG,05/10/2026,21:45,Dep. Riestra,Central Cordoba,
ARG,06/10/2026,00:00,Estudiantes L.P.,Gimnasia Mendoza,
ARG,06/10/2026,00:00,Velez Sarsfield,Platense,
ARG,06/10/2026,02:15,Banfield,Rosario Central,
ARG,09/10/2026,19:30,Aldosivi,Sarmiento Junin,
ARG,09/10/2026,23:00,Gimnasia L.P.,Atl. Tucuman,
ARG,10/10/2026,00:30,Instituto,Boca Juniors,
ARG,10/10/2026,02:45,Union de Santa Fe,Defensa y Justicia,
ARG,10/10/2026,20:45,Barracas Central,Huracan,
ARG,10/10/2026,22:00,Central Cordoba,Estudiantes L.P.,
ARG,11/10/2026,00:15,Tigre,Banfield,
ARG,11/10/2026,02:30,River Plate,Estudiantes Rio Cuarto,
ARG,11/10/2026,19:45,San Lorenzo,Dep. Riestra,
ARG,11/10/2026,22:00,Platense,Argentinos Jrs,
ARG,11/10/2026,22:00,Rosario Central,Ind. Rivadavia,
ARG,12/10/2026,00:15,Racing Club,Belgrano,
ARG,12/10/2026,02:30,Talleres Cordoba,Independiente,
ARG,12/10/2026,21:00,Lanus,Velez Sarsfield,
ARG,12/10/2026,23:30,Gimnasia Mendoza,Newells Old Boys,
ARG,15/10/2026,00:00,Sarmiento Junin,River Plate,
AUT,10/10/2026,17:00,Grazer AK,Salzburg,
AUT,10/10/2026,17:00,Tirol,Ried,
AUT,10/10/2026,19:30,Austria Vienna,Sturm Graz,
AUT,11/10/2026,14:30,Altach,Wolfsberger AC,
AUT,11/10/2026,14:30,Hartberg,A. Lustenau,
AUT,11/10/2026,17:00,LASK,SK Rapid,
AUT,16/10/2026,19:30,SK Rapid,Hartberg,
AUT,17/10/2026,17:00,A. Lustenau,LASK,
AUT,17/10/2026,19:30,Ried,Austria Vienna,
BRA,08/10/2026,00:30,Internacional,Corinthians,
BRA,08/10/2026,00:30,Bragantino,Mirassol,
BRA,08/10/2026,00:30,Remo,Gremio,
BRA,08/10/2026,01:00,Vitoria,Chapecoense-SC,
BRA,08/10/2026,01:30,Botafogo RJ,Vasco,
BRA,08/10/2026,02:30,Cruzeiro,Sao Paulo,
BRA,09/10/2026,00:30,Santos,Flamengo RJ,
BRA,09/10/2026,01:00,Athletico-PR,Atletico-MG,
BRA,09/10/2026,02:30,Fluminense,Coritiba,
BRA,09/10/2026,02:30,Palmeiras,Bahia,
BRA,10/10/2026,22:00,Vasco,Remo,
BRA,11/10/2026,02:00,Sao Paulo,Vitoria,
BRA,11/10/2026,21:00,Atletico-MG,Santos,
BRA,11/10/2026,22:30,Flamengo RJ,Fluminense,
BRA,11/10/2026,22:30,Gremio,Internacional,
BRA,11/10/2026,22:30,Palmeiras,Corinthians,
BRA,12/10/2026,00:30,Bahia,Mirassol,
BRA,12/10/2026,21:00,Coritiba,Botafogo RJ,
BRA,13/10/2026,00:30,Chapecoense-SC,Athletico-PR,
BRA,13/10/2026,02:00,Bragantino,Cruzeiro,
BRA,17/10/2026,01:00,Mirassol,Internacional,
BRA,17/10/2026,23:00,Botafogo RJ,Chapecoense-SC,
BRA,17/10/2026,23:30,Atletico-MG,Coritiba,
BRA,18/10/2026,00:30,Athletico-PR,Palmeiras,
BRA,18/10/2026,02:00,Sao Paulo,Vasco,
CHN,09/10/2026,13:35,Qingdao Hainiu,Beijing Guoan,
CHN,09/10/2026,13:35,Shenzhen Xinpengcheng,Henan Songshan Longmen,
CHN,09/10/2026,14:00,Zhejiang Professional,Shanghai Port,
CHN,10/10/2026,13:35,Chengdu Rongcheng,Tianjin Jinmen Tiger,
CHN,10/10/2026,13:35,Shanghai Shenhua,Yunnan Yukun,
CHN,11/10/2026,12:00,Qingdao West Coast,Dalian Yingbo,
CHN,11/10/2026,13:35,Chongqing Tonglianglong,Shandong Taishan,
CHN,11/10/2026,13:35,Liaoning Tieren,Wuhan Three Towns,
CHN,16/10/2026,13:35,Henan Songshan Longmen,Tianjin Jinmen Tiger,
CHN,17/10/2026,13:00,Dalian Yingbo,Shenzhen Xinpengcheng,
CHN,17/10/2026,13:35,Qingdao Hainiu,Liaoning Tieren,
CHN,17/10/2026,13:35,Yunnan Yukun,Chongqing Tonglianglong,
CHN,17/10/2026,14:00,Shandong Taishan,Zhejiang Professional,
DNK,09/10/2026,19:00,Nordsjaelland,Odense,
DNK,11/10/2026,14:00,Randers FC,Viborg,
DNK,11/10/2026,14:00,Silkeborg,Horsens,
DNK,11/10/2026,16:00,Brondby,Lyngby,
DNK,11/10/2026,18:00,Midtjylland,FC Copenhagen,
DNK,12/10/2026,19:00,Aarhus,Sonderjyske,
DNK,16/10/2026,19:00,Horsens,Randers FC,
JPN,09/10/2026,12:00,Kashima Antlers,Gamba Osaka,
JPN,09/10/2026,12:00,Kashiwa Reysol,Vissel Kobe,
JPN,10/10/2026,07:00,Cerezo Osaka,Yokohama F. Marinos,
JPN,10/10/2026,08:00,Avispa Fukuoka,Okayama,
JPN,10/10/2026,08:00,FC Tokyo,Urawa Reds,
JPN,10/10/2026,12:00,Kyoto,Machida,
JPN,11/10/2026,07:00,Chiba,V-Varen Nagasaki,
JPN,11/10/2026,08:00,Mito,Shimizu S-Pulse,
JPN,11/10/2026,08:00,Verdy,Sanfrecce Hiroshima,
JPN,11/10/2026,09:00,Kawasaki Frontale,Nagoya Grampus,
JPN,17/10/2026,06:00,Shimizu S-Pulse,Gamba Osaka,
JPN,17/10/2026,07:00,Chiba,Yokohama F. Marinos,
JPN,17/10/2026,07:00,Sanfrecce Hiroshima,Kyoto,
JPN,17/10/2026,07:00,Verdy,FC Tokyo,
JPN,17/10/2026,08:00,Cerezo Osaka,Kawasaki Frontale,
JPN,17/10/2026,08:00,Kashima Antlers,V-Varen Nagasaki,
JPN,17/10/2026,09:00,Mito,Urawa Reds,
JPN,17/10/2026,12:00,Kashiwa Reysol,Nagoya Grampus,
MEX,10/10/2026,03:00,Puebla,Club Leon,
MEX,10/10/2026,05:00,Tigres UANL,Toluca,
MEX,11/10/2026,01:00,Juarez,Club Tijuana,
MEX,11/10/2026,01:00,Queretaro,Atlante,
MEX,11/10/2026,03:00,Atlas,Guadalajara Chivas,
MEX,11/10/2026,05:00,Club America,Monterrey,
MEX,12/10/2026,01:00,Atl. San Luis,Santos Laguna,
MEX,12/10/2026,01:15,Pachuca,Necaxa,
MEX,12/10/2026,03:00,UNAM Pumas,Cruz Azul,
MEX,17/10/2026,03:00,Necaxa,Atlas,
MEX,17/10/2026,05:00,Atlante,UNAM Pumas,
MEX,17/10/2026,05:00,Club Tijuana,Puebla,
MEX,18/10/2026,01:00,Santos Laguna,Queretaro,
MEX,18/10/2026,01:07,Guadalajara Chivas,Tigres UANL,
MEX,18/10/2026,03:00,Club Leon,Club America,
MEX,18/10/2026,03:00,Toluca,Atl. San Luis,
MEX,18/10/2026,05:00,Cruz Azul,Juarez,
NOR,09/10/2026,19:00,Brann,Viking,
NOR,10/10/2026,16:00,Bodo/Glimt,Kristiansund,
NOR,10/10/2026,18:00,Rosenborg,Sandefjord,
NOR,11/10/2026,14:30,Fredrikstad,Tromso,
NOR,11/10/2026,17:00,Aalesund,Sarpsborg 08,
NOR,11/10/2026,17:00,Start,HamKam,
NOR,11/10/2026,19:15,Lillestrom,Molde,
NOR,12/10/2026,19:00,KFUM Oslo,Valerenga,
NOR,17/10/2026,14:00,HamKam,Bodo/Glimt,
NOR,17/10/2026,16:00,Kristiansund,Aalesund,
NOR,17/10/2026,18:00,Viking,Fredrikstad,
RUS,09/10/2026,18:30,FK Rostov,Akron Togliatti,
RUS,10/10/2026,12:00,Orenburg,Dynamo Makhachkala,
RUS,10/10/2026,14:15,Fakel Voronezh,Lokomotiv Moscow,
RUS,10/10/2026,16:30,Krylya Sovetov,Spartak Moscow,
RUS,10/10/2026,18:30,Krasnodar,Zenit,
RUS,11/10/2026,13:00,Akhmat Grozny,Baltika,
RUS,11/10/2026,15:30,CSKA Moscow,Rodina Moscow,
RUS,11/10/2026,18:30,Rubin Kazan,Dynamo Moscow,
RUS,17/10/2026,13:00,Krylya Sovetov,Fakel Voronezh,
RUS,17/10/2026,15:30,Dynamo Makhachkala,Akron Togliatti,
RUS,17/10/2026,18:30,Lokomotiv Moscow,Krasnodar,
SWE,09/10/2026,19:00,Goteborg,Vasteras SK,
SWE,10/10/2026,15:00,AIK,Brommapojkarna,
SWE,10/10/2026,15:00,GAIS,Sirius,
SWE,10/10/2026,17:30,Mjallby,Degerfors,
SWE,11/10/2026,14:00,Hammarby,Djurgarden,
SWE,11/10/2026,16:30,Hacken,Orgryte,
SWE,12/10/2026,19:00,Elfsborg,Halmstad,
SWE,12/10/2026,19:00,Malmo FF,Kalmar,
SWE,16/10/2026,19:00,Brommapojkarna,Djurgarden,
SWE,17/10/2026,17:30,AIK,Goteborg,